Member email [userEmail] Required, Zeteo ID [zeteoID] Required
pepe.hands@rixo.cz,123
josef.cerny@rixo.cz,124
gustav.riha@rixo.cz,125
tomas.roubicek@rixo.cz,126
jiri.kote@rixo.cz,127
matyas.rotny@rixo.cz,128
barbora.dedkova@rixo.cz,129
anna.mila@rixo.cz,130
petr.hravy@rixo.cz,131
irena.usmevava@rixo.cz,132
katerina.pecliva@rixo.cz,133
michal.strouhal@rixo.cz,134
jan.kreslir@rixo.cz,135
lukas.fitko@rixo.cz,136
jakub.rodny@rixo.cz,137
ludvik.sedy@rixo.cz,138
nikola.tremova@rixo.cz,139
michal.maskot@rixo.cz,140
anna.hujerova@rixo.cz,141
michaela.kralikova@rixo.cz,142
karolina.ofinova@rixo.cz,143
