Name [displayName] Required,Member email [userEmail] Required, Email password [emailPass]
Pepe Hands,pepe.hands@rixo.cz,jenyMu567
Josef Černý,josef.cerny@rixo.cz,qaFyli315
Gustav Říha,gustav.riha@rixo.cz,sipAko925
Tomáš Roubíček,tomas.roubicek@rixo.cz,siZymy9029
Jiří Koťě,jiri.kote@rixo.cz,cydoJe2565
Matyáš Rotný,matyas.rotny@rixo.cz,lapoRu554
Barbora Dědková,barbora.dedkova@rixo.cz,lunuB051
Anna Milá,anna.mila@rixo.cz,jySuxi0440
Petr Hravý,petr.hravy@rixo.cz,Jaxopy003
Irena Usměvavá,irena.usmevava@rixo.cz,qAkoze3620
Kateřina Pečlivá,katerina.pecliva@rixo.cz,leMojo1464
Michal Strouhal,michal.strouhal@rixo.cz,rIcovi349
Jan Kreslíř,jan.kreslir@rixo.cz,jalUbu3656
Lukáš Fitko,lukas.fitko@rixo.cz,vojeL226
Jakub Rodný,jakub.rodny@rixo.cz,nemanE632
Ludvík Šedý,ludvik.sedy@rixo.cz,heRiz177
Nikola Trémová,nikola.tremova@rixo.cz,koPene8097
Michal Maskot,michal.maskot@rixo.cz,Gowuk911
Anna Hujerová,anna.hujerova@rixo.cz,jaseR909
Michaela Králíková,michaela.kralikova@rixo.cz,Ropama2943
Karolína Ofinová,karolina.ofinova@rixo.cz,rifUv230
Jan Maria Sarkander,jan.sarkander@rixo.cz,Qeqan437
