First name [givenName],Last name [surname],Zeteo universal email [zeteoEmailUniversal], Rixo telephone number [phoneNumber], Zeteo personal number [zeteoID], Zeteo role [zeteoRole], Zeteo user name [zeteoName] Required, Zeteo user password [zeteoPass] Required
Pepe,Hands,pojisteni@rixo.cz,+420233089233,214,Expert na pojištění,pepe.hands,Xyviby5120
Josef,Černý,pojisteni@rixo.cz,+420233089233,215,Expert na pojištění,josef.cerny,Kepenu6731
Gustav,Říha,pojisteni@rixo.cz,+420233089233,216,Expert na pojištění,gustav.riha,Pyvid071
Tomáš,Roubíček,pojisteni@rixo.cz,+420233089233,217,Expert na pojištění,tomas.roubicek,loboHi533
Jiří,Koťě,pojisteni@rixo.cz,+420233089233,218,Expert na pojištění,jiri.kote,vygIk309
Matyáš,Rotný,pojisteni@rixo.cz,+420233089233,219,Expert na pojištění,matyas.rotny,nigeMi7803
Barbora,Dědková,pojisteni@rixo.cz,+420233089233,220,Expert na pojištění,barbora.dedkova,vYlyga796
Anna,Milá,pojisteni@rixo.cz,+420233089233,221,Expert na pojištění,anna.mila,quBeho097
Petr,Hravý,pojisteni@rixo.cz,+420233089233,222,Expert na pojištění,petr.hravy,dyKymu6547
Irena,Usměvavá,pojisteni@rixo.cz,+420233089233,223,Expert na pojištění,irena.usmevava,fIkeda2717
Kateřina,Pečlivá,pojisteni@rixo.cz,+420233089233,224,Expert na pojištění,katerina.pecliva,mymaJa1008
Michal,Strouhal,pojisteni@rixo.cz,+420233089233,225,Expert na pojištění,michal.strouhal,mamoD188
Jan,Kreslíř,pojisteni@rixo.cz,+420233089233,226,Expert na pojištění,jan.kreslir,junuH183
Lukáš,Fitko,pojisteni@rixo.cz,+420233089233,227,Expert na pojištění,lukas.fitko,Bulogi137
Jakub,Rodný,pojisteni@rixo.cz,+420233089233,228,Expert na pojištění,jakub.rodny,zYgicu4125
Ludvík,Šedý,pojisteni@rixo.cz,+420233089233,229,Expert na pojištění,ludvik.sedy,xiryV535
Nikola,Trémová,pojisteni@rixo.cz,+420233089233,230,Expert na pojištění,nikola.tremova,Jumumo3891
Michal,Maskot,pojisteni@rixo.cz,+420233089233,231,Expert na pojištění,michal.maskot,vEjido408
Anna,Hujerová,pojisteni@rixo.cz,+420233089233,232,Expert na pojištění,anna.hujerova,Jasaq363
Michaela,Králíková,pojisteni@rixo.cz,+420233089233,233,Expert na pojištění,michaela.kralikova,Zisigy1814
Karolína,Ofinová,pojisteni@rixo.cz,+420233089233,234,Expert na pojištění,karolina.ofinova,qiPabi0341
Jan,Sarkander,pojisteni@rixo.cz,+420233089233,235,Expert na pojištění,jan.sarkander,Gorila205
